ID,TITLE,COMPANY_NAME,COMPANY_LOC,SALARY
https://kr.indeed.com/viewjob?jk=103922f91727c1c9 ,홈페이지관리 및 제품업로드 직원,그린웰,인천 서구,
https://kr.indeed.com/viewjob?jk=6e8847fa83957b51 ,"[해외취업] 여성패션 유통업체, Graphic Designer & Photographer",아이씨엔그룹,서울 역삼동,
https://kr.indeed.com/viewjob?jk=9db658fc744a3223 ,new[스타트업 디자이너] 쇼핑몰 상세 페이지 및 디자인 콘텐츠,시작컴퍼니,서울 광진구,
https://kr.indeed.com/viewjob?jk=a05f708f7ca78887 ,[온라인팀] 여성의류 쇼핑몰·오픈마켓 경력직,사라제이,서울 양천구,
https://kr.indeed.com/viewjob?jk=239ad3655ec9f54e ,브랜드 온라인 사이트 운영,Dentsu Aegis Network,서울,
https://kr.indeed.com/viewjob?jk=d9b3ada0c63296ff ,"웹디자이너, 프론트엔드 개발 정규직",데이터누리,서울 강서구,
https://kr.indeed.com/viewjob?jk=7f9954e4382f47b0 ,프론트엔드 개발자,우리사이,서울 성수동2가,
https://kr.indeed.com/viewjob?jk=f60f6dc961ef504b ,GCCL Flow cytometry 분석 담당자 (녹십자랩셀 자회사),지씨씨엘,용인 기흥구,
https://kr.indeed.com/viewjob?jk=2e0a5bbf0b97c3f3 ,"Product(UX/UI) Designer , Seoul",VMware,서울,
https://kr.indeed.com/viewjob?jk=f7c0dc434bd2b60e ,"웹개발, 프론트엔드 외 경력 정규직",그레이프 파트너즈,서울 강남구,
https://kr.indeed.com/viewjob?jk=a25e627b479e2380 ,new총무팀 직원 채용,윌스기념병원,수원 팔달구,
https://kr.indeed.com/viewjob?jk=6f5583647bbcfd06 ,new웹디자이너,가교,경기도 의정부,
https://kr.indeed.com/viewjob?jk=9fe6390062524664 ,(주)디지키 웹 플랫폼 개발자,디지키,안양 동안구,
https://kr.indeed.com/viewjob?jk=19304038fa0849b2 ,항공 서비스 개발자,myrealtrip,서울,
https://kr.indeed.com/viewjob?jk=825ecee0a5bd7dde ,"Customer Engineer, Google Cloud Customers",Google,서울,
https://kr.indeed.com/viewjob?jk=a6f42f0c931c395d ,데이터 마이그레이션 Back-end 개발자,NHN COMMERCE,서울 구로구,
https://kr.indeed.com/viewjob?jk=e84d454689d466e6 ,2021 인쇼핑 온라인 웹디자이너 정규직,인커머스,서울 중구,
https://kr.indeed.com/viewjob?jk=97b3779313f733aa ,new[라운드랩]웹디자인 정규직 직원,서린컴퍼니,강원도 춘천,
https://kr.indeed.com/viewjob?jk=597f35a69065eabf ,온라인 쇼핑몰 웹디자인 경력직 (정규직),씨스콜씨앤에스,서울 중구,
https://kr.indeed.com/viewjob?jk=ea2a09c5fc3e058f ,new웹 개발 직원 충원,다모아페이,고양 백석동,
https://kr.indeed.com/viewjob?jk=2eb3823fe92ee6e5 ,new웹디자이너,금강월드시스템,고양 일산동구,
https://kr.indeed.com/viewjob?jk=a8a9e51402b847b7 ,new블로그 홈페이지 제작 및 관리 직원,대원상재,경기도 김포,
https://kr.indeed.com/viewjob?jk=bff0b8b154a2ea10 ,newFront-end 포지션 (리엑트 개발) 신입 및 경력사원(정규직),비욘드테크,서울 금천구,
https://kr.indeed.com/viewjob?jk=5dfcaf0e170cb167 ,퍼블리셔 경력직 [프리랜서],링크업소프트,서울 종로구,
https://kr.indeed.com/viewjob?jk=3520b59613fdb5c5 ,new쇼핑몰 웹디자이너 / 손뜨개 쇼핑몰 야나(yarn-a),YARN-A (야나),서울 중구,
https://kr.indeed.com/viewjob?jk=a683959a5b486056 ,[연구개발팀] 2021년 PHP/MySQL/HTML 웹 개발자 경력사원,경성테크놀러지,부산 해운대구,
https://kr.indeed.com/viewjob?jk=35f0a25dee5f3312 ,딥러닝 알고리즘 및 응용 Engineer,딥엑스,성남 분당구,
https://kr.indeed.com/viewjob?jk=567708b0835fecdb ,정규직 - 웹디자이너,한국산업인재융합교육원,서울 금천구,
https://kr.indeed.com/viewjob?jk=9b44d3d1b693e9ba ,Front-end Engineer,Kasa,서울,
https://kr.indeed.com/viewjob?jk=feb1b1346ea01166 ,Teller,US Defense Commissary Agency,대한민국,
https://kr.indeed.com/viewjob?jk=cd4817606c2ae364 ,홈페이지 관리원,광흥메이커트레이드,인천 남동구,
https://kr.indeed.com/viewjob?jk=c8ec8c7f935ac5f9 ,즐겁게 함께 일할 신입 웹 개발자,필링크코리아,서울 구로구,
https://kr.indeed.com/viewjob?jk=8fd651f5a4e3f00d ,new웹퍼블리셔(프론트개발 Node.js / Angular) 경력 정규직,씨티아이랩,서울 서초구,
https://kr.indeed.com/viewjob?jk=cd582bd77e2550c7 ,"ENG, 시공공무, 전기설계, 전기공사",LS빌드윈,경기도,
https://kr.indeed.com/viewjob?jk=207b734f13121d10 ,Senior Software Engineer - (AdClient),Tapjoy,서울,
https://kr.indeed.com/viewjob?jk=82ba2d38e7d8a964 ,"콜센터 상담직원, 홈페이지관리 신입/경력 계약직",생활가전렌탈,안산 상록구,
https://kr.indeed.com/viewjob?jk=394c8dd4c8ea34c5 ,프론트엔드 개발자,공팔리터,서울 강남구,
https://kr.indeed.com/viewjob?jk=21ec8242dfdf7e65 ,new쇼핑몰 상세페이지 디자이너 계약직 (청년디지털일자리 사업),비엔비솔루션,경기도 부천,
https://kr.indeed.com/viewjob?jk=464ef95516a5fa5c ,8퍼센트 경력 개발자,8퍼센트,서울 종로구,
https://kr.indeed.com/viewjob?jk=1e708a23b9f87c19 ,JAVA 개발자 경력직/신입,로지포커스,서울 성동구,
https://kr.indeed.com/viewjob?jk=a87dc90180a3836f ,프로그램 개발자,셀메이트,서울 마포구,
https://kr.indeed.com/viewjob?jk=35fec5f00fa1c113 ,(주)아이디컴퍼니 웹 프로그래머,아이디컴퍼니,인천 계양구,
https://kr.indeed.com/viewjob?jk=a763a1759d122bfc ,new[시각 / 웹 디자인] SNS 미디어 광고 기획 및 관리 (사진촬영가능자 우대),상민인베스트먼트,서울 강남구,
https://kr.indeed.com/viewjob?jk=0e343fe86415499b ,국내 유명 온라인 기업 - 웹퍼블리셔 경력자(대리-차장),라피플코리아리미티드,서울,
https://kr.indeed.com/viewjob?jk=5662f8b0c0d2d328 ,"웹개발자 경력 정규직, 계약직, 프리랜서",한국지에스티,서울 중구,
https://kr.indeed.com/viewjob?jk=4432f5eab568e5cf ,new웹디자인/홈페이지관리 정규직,엠케이파워,서울 영등포구,
https://kr.indeed.com/viewjob?jk=0058d7349610d5d5 ,new[신입]웹디자이너(퍼블리싱 가능) 공개,디자인커뮤니케이션,서울 강남구,
https://kr.indeed.com/viewjob?jk=d5de4ea29058e963 ,웹기획/웹디자인/퍼블리셔/웹개발자 신입/경력,지인슈,서울 중구,
https://kr.indeed.com/viewjob?jk=78c3665e80163fa5 ,"new[신입, 경력] HTML5 기반 JAVASCRIPT 개발자",엔에이피에스,경기도 부천,
https://kr.indeed.com/viewjob?jk=3cf01580ba5eb23a ,NLP Researcher,AITRICS,서울,
https://kr.indeed.com/viewjob?jk=c9da856f720d990c ,new디자이너,마이트리,고양 덕양구,
https://kr.indeed.com/viewjob?jk=6a11edc9bc97248b ,new주식회사 청송 웹디자이너 경력 정규직,청송,서울 은평구,
https://kr.indeed.com/viewjob?jk=3b093fd243e3d17a ,new주)반석전자 웹디자이너 경력 정규직,반석전자,서울 용산구,
https://kr.indeed.com/viewjob?jk=dfc90ed80a3855b0 ,보건관리자 채용,윌스기념병원,수원 팔달구,
https://kr.indeed.com/viewjob?jk=1fb41c5ebe177b7f ,정규직 직원(일반행정/홍보) 모집공고,카톨릭 대학교,대한민국,
https://kr.indeed.com/viewjob?jk=a0458f8be4b97848 ,new일러스트/웹디자이너 (신입/경력),RK라인,서울 강서구,
https://kr.indeed.com/viewjob?jk=9087862be2f1d252 ,IT 및 대인(소액)보상 신입 및 경력직,전국렌터카공제조합,경기도,
https://kr.indeed.com/viewjob?jk=6279ef8f27d6692f ,"new일러스트레이터, 시각디자인 외 신입/경력 정규직, 계약직",미디어엠플러스,서울 영등포구,
https://kr.indeed.com/viewjob?jk=de203e1ccb87e585 ,"사물인터넷(IoT) 개발, 임베디드(Embedded) 외 신입/경력 정규직",오토하이테크,서울 금천구,
https://kr.indeed.com/viewjob?jk=3536dcfbb04c4aaa ,"쇼핑몰,홈페이지 운영관리 및 제품 업로드 직원 [신입/경력]",비전FA,인천 남동구,
https://kr.indeed.com/viewjob?jk=3f8f0d51b9e49e26 ,"css, 웹퍼블리셔(HTML코딩) 외 신입/경력 정규직",이도산업,경기도 김포,
https://kr.indeed.com/viewjob?jk=2dbe4c7e2066d839 ,"css, 웹퍼블리셔(HTML코딩) 외 경력 정규직",에이피서비스,서울 강남구,
https://kr.indeed.com/viewjob?jk=d5ceb537cf868388 ,new2021년 레이팩트 웹퍼블리셔(프론트엔드),하우커뮤니케이션,서울 마포구,
https://kr.indeed.com/viewjob?jk=0c2d3c4fd7aaf227 ,new2021년 OK금융그룹 경력사원 공개,오케이저축은행,서울,
https://kr.indeed.com/viewjob?jk=42ba7c51b5b4d95c ,new[전액정부지원] 공공데이터 빅데이터분석전문가 교육생,하이미디어아카데미,서울 종로구,
https://kr.indeed.com/viewjob?jk=88d977498ce09a0f ,웹/앱퍼블리셔(HTML코딩) 정규직,브이스트로,서울 용산구,
https://kr.indeed.com/viewjob?jk=1e29c8ff692453a0 ,"new웨어러블 컴퓨팅, 가상/증강현실, 3D프린팅, 게임기반 교육, 스마트 기기 관련 강사",커리어4.0,서울,
https://kr.indeed.com/viewjob?jk=49a34f3065ed32cf ,newHTML 코딩 오전 알바,포스센터,서울 종로구,
https://kr.indeed.com/viewjob?jk=46c0b9ef09005700 ,[2021년 대중소기업 상생 일자리 프로그램] LG CNS 사업단 협력사 - (주)메인정보시스템,메인정보시스템,서울,
https://kr.indeed.com/viewjob?jk=e06f6c3eebb0ce70 ,new웹디자이너 CSS/HTML/포토샵/자바스크립트 정직원,팡홀딩스,서울 구로구,
https://kr.indeed.com/viewjob?jk=5e54a9c8b67ed0e7 ,가톨릭대학교 신입직원(일반직/기술직/무기계약직) 채용 모집공고,카톨릭 대학교,대한민국,
https://kr.indeed.com/viewjob?jk=80e99f7c98dec4ce ,[/연구비 지원] 2021년 여성과학기술인 R&D경력복귀 지원사업,한국여성과학기술인육성재단,서울 강남구,
https://kr.indeed.com/viewjob?jk=73fe9b36b5baf3a1 ,"[포토샵, HTML, CSS] 웹디자인 계약직(정규직 전환가능)",심혈관 연구재단,서울 송파구,
https://kr.indeed.com/viewjob?jk=8c6cb554f06f79f0 ,워드프레스 디자이너/웹디자이너/컨텐츠 제작(퍼블리싱/HTML/CSS) 직원,트리코라이브,서울 마포구,
https://kr.indeed.com/viewjob?jk=b30f3d5da7ac5c0d ,new2021년 하반기 공개 (경력),라이온코리아,서울 서대문구,
